"통계분류","항목","단위","2001 년","2002 년","2003 년","2004 년","2005 년","2006 년","2007 년","2008 년","2009 년","2010 년","2011 년","2012 년","2013 년","2014 년","2015 년","2016 년",
"전체","사례수","","3879","4242","4267","7929","7709","8123","8424","8942","9219","9631","9590","9922","9729","9670","10142","9363",
"전체","남대문시장","","56.1","53.2","44.7","44.6","45.4","49.8","49.8","46.4","49.2","56.4","42.3","38.5","32.8","27.8","29","29",
"전체","동대문시장","","51.6","46.5","45.5","43.8","45","48.5","50.3","51.2","53.4","45.5","57.5","59.4","56.6","61.9","60.3","62.3",
"전체","명동","","44.2","45.2","38.9","45.2","48.2","51.4","55.1","52.8","62.5","66.7","69.5","74.5","72.8","77.6","77.1","81.1",
"전체","고궁","","38.2","38.7","36.5","39.1","33.2","42.9","47.7","43.7","42","44","39.9","39.1","39.1","43.5","44.3","38.6",
"전체","신촌/홍대주변","","","","","","","","","","","","","20","24.2","29.9","29.1","33.2",
"전체","박물관(기념관)","","32","31","30.1","26.3","24.4","32.8","32.2","28.4","27.6","30.2","27.3","27.1","25.2","21.9","26.7","24.3",
"전체","이태원","","30.6","29.8","30.2","28.6","24.6","26.4","25.7","24.2","19.7","21","20.2","21.4","21.6","","","",
"전체","롯데월드","","31.3","26.3","27.4","25.1","20.7","25.4","21.1","21.3","24","25.3","25.8","28.2","30","23.6","23.4","23.9",
"전체","인사동","","16.5","19.1","20","22.4","26.4","26.6","32.5","33.4","29.4","32","32.7","31.7","29.4","30.3","25.8","28",
"전체","강남역","","","","","","","","","","","","","","","22.9","23.1","27.1",
"전체","남산/N서울타워","","14.1","12.6","15.1","15","","25.7","30.2","27","32.2","36.1","36.6","35","31.6","42.5","40.7","43.1",
"전체","코엑스","","","","","","15.9","","","18.6","","","","","","","","",
"전체","청계천","","","","","","","12.7","17.7","","17.8","19.8","","","","","","",
"전체","청와대","","","","","","17.2","","","","","","","","","","","",
"전체","압구정동","","6.3","5.3","5","6.3","","","","","","","","","","","","",
"전체","청계천,광화문광장","","","","","","","","","","","","22.3","","","","","",
"전체","기타","","13.3","22.9","24.7","14.2","","","","","","","","","","","","",
"남성","사례수","","","","","","","","","","","","","4405","4238","4059","4301","3745",
"남성","남대문시장","","","","","","","","","","","","","37","31.3","25.9","28.5","28.1",
"남성","동대문시장","","","","","","","","","","","","","52","47.7","55.3","55.1","56.8",
"남성","명동","","","","","","","","","","","","","63.2","60.1","65.8","66.1","71.9",
"남성","고궁","","","","","","","","","","","","","41.6","40.4","44.1","46.4","39.8",
"남성","신촌/홍대주변","","","","","","","","","","","","","15.2","18","24.5","21.5","23.6",
"남성","박물관(기념관)","","","","","","","","","","","","","30.1","26.6","22.6","28.8","26.8",
"남성","이태원","","","","","","","","","","","","","23.9","23.7","","","",
"남성","롯데월드","","","","","","","","","","","","","25.8","26.2","21.6","21","21.9",
"남성","인사동","","","","","","","","","","","","","29.4","26.8","26.8","21.8","25.2",
"남성","강남역","","","","","","","","","","","","","","","25.1","23.6","27.2",
"남성","남산/N서울타워","","","","","","","","","","","","","34.4","28.5","39.8","38.4","39.4",
"남성","코엑스","","","","","","","","","","","","","","","","","",
"남성","청계천","","","","","","","","","","","","","","","","","",
"남성","청와대","","","","","","","","","","","","","","","","","",
"남성","압구정동","","","","","","","","","","","","","","","","","",
"남성","청계천,광화문광장","","","","","","","","","","","","","","","","","",
"남성","기타","","","","","","","","","","","","","","","","","",
"여성","사례수","","","","","","","","","","","","","5517","5491","5611","5840","5617",
"여성","남대문시장","","","","","","","","","","","","","39.7","33.9","29.2","29.4","29.6",
"여성","동대문시장","","","","","","","","","","","","","65.3","63.5","66.8","64.2","66",
"여성","명동","","","","","","","","","","","","","83.6","82.6","86.2","85.2","87.2",
"여성","고궁","","","","","","","","","","","","","37.1","38","43.1","42.7","37.7",
"여성","신촌/홍대주변","","","","","","","","","","","","","23.9","28.9","33.8","34.8","39.7",
"여성","박물관(기념관)","","","","","","","","","","","","","24.8","24.1","21.4","25.2","22.6",
"여성","이태원","","","","","","","","","","","","","19.4","20","","","",
"여성","롯데월드","","","","","","","","","","","","","30.2","33","25","25.2","25.2",
"여성","인사동","","","","","","","","","","","","","33.5","31.4","32.9","28.7","29.9",
"여성","강남역","","","","","","","","","","","","","","","21.3","22.8","27.1",
"여성","남산/N서울타워","","","","","","","","","","","","","35.5","33.9","44.4","42.4","45.5",
"여성","코엑스","","","","","","","","","","","","","","","","","",
"여성","청계천","","","","","","","","","","","","","","","","","",
"여성","청와대","","","","","","","","","","","","","","","","","",
"여성","압구정동","","","","","","","","","","","","","","","","","",
"여성","청계천,광화문광장","","","","","","","","","","","","","","","","","",
"여성","기타","","","","","","","","","","","","","","","","","",
"15~20세","사례수","","187","223","312","364","372","275","378","342","385","523","426","573","590","667","592","648",
"15~20세","남대문시장","","58","68.9","40.1","56","51.4","50.2","47.9","48.1","50.7","68.8","33.6","31.4","28.4","27.8","23.8","29",
"15~20세","동대문시장","","64.4","55.8","55.5","59.6","62.3","57.9","50.7","66.8","67.4","49.6","72.1","78","71.1","66.4","60.8","64.1",
"15~20세","명동","","50.7","68.4","52.9","60.2","62.6","54.8","56.1","69.4","73.8","77.6","80","88.9","84","86.4","85.9","91.7",
"15~20세","고궁","","41.5","38.3","40","34.3","35.1","39.2","46.6","47.1","45.2","38.3","32","34.6","34.9","39.8","42.9","34",
"15~20세","신촌/홍대주변","","","","","","","","","","","","","32.5","40.9","44.2","42.6","48.7",
"15~20세","박물관(기념관)","","43.6","34.2","36.7","28.8","30","44.8","42.7","34.7","34.9","28.9","32.2","32","30.8","28.2","29","26.6",
"15~20세","이태원","","22.7","31.9","30.3","33.6","26.5","30.5","22.9","29.1","21.8","20.9","18.9","18.7","29.7","","","",
"15~20세","롯데월드","","52.6","38.3","45.6","37.2","30.2","44.6","33.5","40.6","36.5","41.1","41.1","52.5","46.3","37.5","29.9","34.6",
"15~20세","인사동","","12","12.9","27.7","20.4","26","23.6","23.5","39.7","35.4","31.5","31","24.3","29.7","34.2","30.6","28.1",
"15~20세","강남역","","","","","","","","","","","","","","","24.7","26.5","37.7",
"15~20세","남산/N서울타워","","18.3","7.6","12.7","15.8","","24.4","30.2","32.4","39.7","36","37.9","39.4","37","53.5","49.2","51.9",
"15~20세","코엑스","","","","","","16.5","","","27.3","","","","","","","","",
"15~20세","청계천","","","","","","","8","19.1","","21.7","24.8","","","","","","",
"15~20세","청와대","","","","","","17.1","","","","","","","","","","","",
"15~20세","압구정동","","12.7","3.3","5","8.8","","","","","","","","","","","","",
"15~20세","청계천,광화문광장","","","","","","","","","","","","24.1","","","","","",
"15~20세","기타","","9.9","16","19.5","6.7","","","","","","","","","","","","",
"21~30세","사례수","","1200","1290","1297","2355","2328","2361","2644","2408","2820","3177","3491","3415","3465","3815","4172","4088",
"21~30세","남대문시장","","60.5","58.1","51.9","47.2","49.4","52.9","55.2","48.5","51.9","64","47.8","40","32.5","27.4","28.4","28.8",
"21~30세","동대문시장","","59.4","60.7","55.2","54.6","56.8","57.7","59.6","60.5","61.5","47","67.4","69.1","65.8","69.6","66.3","66.5",
"21~30세","명동","","55.1","57.7","49.4","54.1","58.3","58.3","64.3","60.3","72.1","75","78.9","82.1","81.7","86.3","84","86.4",
"21~30세","고궁","","36.9","37.3","34.6","39.9","32.8","40.1","47.1","46.6","42.4","46.1","42.1","40.8","39.8","45","46.5","37.8",
"21~30세","신촌/홍대주변","","","","","","","","","","","","","32.1","37.1","42.9","40.5","42.6",
"21~30세","박물관(기념관)","","32.3","31.6","29.9","26.2","25.6","31.7","32.5","29.7","27.8","32","30.4","30.4","25.8","23.4","27.8","25.2",
"21~30세","이태원","","31.5","36.8","34.9","28.4","28.9","27.5","29.1","28","21.5","23.8","22.2","26.7","26.6","","","",
"21~30세","롯데월드","","34.7","30.5","30.4","29.5","24.7","30.2","24","27.5","31.1","32.5","32.9","36.1","37.9","28.3","27.4","25.5",
"21~30세","인사동","","18.3","24.3","23.4","26.1","32.4","29","37","38.1","34.3","37.3","38.9","36","31.8","35.7","28.7","32.1",
"21~30세","강남역","","","","","","","","","","","","","","","25.4","25.5","29.6",
"21~30세","남산/N서울타워","","11.9","13.3","17","15.6","","26.9","35","31.5","38.8","42","43.7","42.9","39.7","52.2","48.3","50.3",
"21~30세","코엑스","","","","","","18.8","","","23","","","","","","","","",
"21~30세","청계천","","","","","","","13.5","20.9","","20.2","24.1","","","","","","",
"21~30세","청와대","","","","","","17.4","","","","","","","","","","","",
"21~30세","압구정동","","8.1","6.7","6.2","7.3","","","","","","","","","","","","",
"21~30세","청계천,광화문광장","","","","","","","","","","","","27.3","","","","","",
"21~30세","기타","","10","18.2","20.5","12.2","","","","","","","","","","","","",
"31~40세","사례수","","1044","1073","1068","2203","2003","2096","2292","2357","2324","2516","2680","2550","2568","2625","2701","2569",
"31~40세","남대문시장","","50.6","45.7","40.3","42.7","41.4","44.6","45.6","43.7","44.1","56.3","40.8","38.5","33.8","26.8","29.4","30",
"31~40세","동대문시장","","50.5","43.9","42.8","42.5","41.9","49.1","51","52.7","55.1","43.1","55.8","59.1","55.6","62","61.4","64.5",
"31~40세","명동","","43.6","39.7","35.6","43.3","46.5","51.7","54.5","51.2","58.4","62.8","69.5","73.2","70.7","76.3","76.1","81.5",
"31~40세","고궁","","34.5","36.9","36.6","37.3","31.9","42.2","50.3","41.1","39","43.8","36.7","37.7","40","44.1","42.2","41",
"31~40세","신촌/홍대주변","","","","","","","","","","","","","14.3","19.3","24.3","24.1","28.6",
"31~40세","박물관(기념관)","","27.7","26.6","27.3","24.1","20.7","29.4","28.9","26.9","25.1","29.2","23.5","24","25","20.5","25","23.3",
"31~40세","이태원","","33.1","29.3","30.2","29.2","23","25.7","25.8","25.3","18.9","19.8","19.8","20.4","20.4","","","",
"31~40세","롯데월드","","31","25.6","29","24.2","20","24.6","19.8","20","20.4","24.2","21","25","26.6","20.6","21.3","24.4",
"31~40세","인사동","","17.4","17.7","15.8","21.7","23.7","24.3","32.6","32.9","23.7","28","28.3","28.6","28.6","26.9","23.4","25.1",
"31~40세","강남역","","","","","","","","","","","","","","","21.7","21.8","24.2",
"31~40세","남산/N서울타워","","13","12.1","15.8","14.2","","23.2","28.8","26.5","27.2","34.4","35.3","33.4","31","38.9","36.2","39.3",
"31~40세","코엑스","","","","","","15.7","","","19.3","","","","","","","","",
"31~40세","청계천","","","","","","","13.5","18","","17.6","19.5","","","","","","",
"31~40세","청와대","","","","","","17.7","","","","","","","","","","","",
"31~40세","압구정동","","5.5","6","4.4","7.1","","","","","","","","","","","","",
"31~40세","청계천,광화문광장","","","","","","","","","","","","21.6","","","","","",
"31~40세","기타","","12.1","28.2","28.8","15.6","","","","","","","","","","","","",
"41~50세","사례수","","784","895","834","1578","1562","1557","1613","1938","1843","1802","1651","1817","1722","1365","1467","1224",
"41~50세","남대문시장","","57.7","51.1","39.6","39.9","42.6","47.8","47.8","43.3","46.6","51.7","35.2","37.8","30.7","28.6","29.7","28.1",
"41~50세","동대문시장","","48.7","37.8","39.6","35.6","37.1","45","46.2","45.3","47.2","44.3","44.3","49.8","47.4","51.5","51.6","55",
"41~50세","명동","","36.8","36.2","28.7","37.2","39","45.9","49.5","47.8","57","62.4","56.9","66.2","65.1","65.5","66.8","69.3",
"41~50세","고궁","","37.7","36.6","35.5","36.1","34.5","42.6","46.3","41.7","37.9","39.3","35.8","37.6","38.2","41.2","41","36.8",
"41~50세","신촌/홍대주변","","","","","","","","","","","","","12.1","12","14.4","17","17.6",
"41~50세","박물관(기념관)","","31.4","29.8","30.9","24.2","23.9","32.9","29.7","25.6","26.1","27.3","23.7","25.9","23.2","19.8","27.3","20.8",
"41~50세","이태원","","31.4","25.5","26.7","32.2","23.4","24.8","22.9","20.5","18.4","19","19.4","18.1","15.3","","","",
"41~50세","롯데월드","","29.8","23.2","24.2","22.1","17.6","24","19.2","18.3","19.9","18","20.9","22","24.5","17.3","19.1","17.5",
"41~50세","인사동","","13.5","16.6","16.6","18.5","21.4","22.6","27.8","30.1","26.7","27.8","27.9","29","25.1","23.5","21.4","22.3",
"41~50세","강남역","","","","","","","","","","","","","","","21.6","21.8","24.6",
"41~50세","남산/N서울타워","","14.6","13.5","12.4","13.4","","27","27.2","24.4","28","31.1","28","27","22.8","32.1","31.4","31.5",
"41~50세","코엑스","","","","","","16.6","","","16.9","","","","","","","","",
"41~50세","청계천","","","","","","","12.4","16.4","","14.5","16.1","","","","","","",
"41~50세","청와대","","","","","","18.3","","","","","","","","","","","",
"41~50세","압구정동","","4.8","4.6","4.1","4.9","","","","","","","","","","","","",
"41~50세","청계천,광화문광장","","","","","","","","","","","","18.1","","","","","",
"41~50세","기타","","13.6","24.4","25.8","17.1","","","","","","","","","","","","",
"51~60세","사례수","","489","584","581","1041","1042","1297","1025","1279","1152","1134","905","1105","968","861","820","593",
"51~60세","남대문시장","","53.8","53.6","42.8","43.1","45.1","52","49.8","50.1","54.3","42.4","41.7","38.1","34","30.6","31.1","26.4",
"51~60세","동대문시장","","39","35.5","35.7","32.7","35.8","40.6","35.8","43.4","41.7","44.7","44.8","43.5","43.5","49.5","48.1","45.8",
"51~60세","명동","","33.1","34.9","30.2","39.4","42.7","49.7","47.1","49.6","57","56.8","59.7","66","60.8","62.7","64.1","63",
"51~60세","고궁","","43","42.5","38.8","41.8","32.6","48.1","45.3","44.8","46.3","46.9","41.6","39.2","38.5","43.9","44.5","41.3",
"51~60세","신촌/홍대주변","","","","","","","","","","","","","8.7","10.7","11.9","10.3","13.6",
"51~60세","박물관(기념관)","","32.6","33.4","29.5","30.7","26","35.6","36.1","29.4","30.2","28.7","27.1","25","23.1","20.1","24.5","25.1",
"51~60세","이태원","","28.3","23.3","26.3","22.3","21.2","26.8","24.3","21.7","18","17.4","16.8","15.9","17","","","",
"51~60세","롯데월드","","19.8","19.5","16.7","19.2","18","19","14.9","15.1","18.5","15.6","17.1","15.7","15.9","15.2","17.4","15.2",
"51~60세","인사동","","17.8","16.6","19.6","21.2","26.3","31.3","30.9","29.8","29","30.7","30.9","33","29","27.3","23.2","25.3",
"51~60세","강남역","","","","","","","","","","","","","","","17.7","20.2","19.6",
"51~60세","남산/N서울타워","","16.9","12.9","14.3","16.6","","27.1","26.4","24.1","29.1","31.3","28.2","27.6","19.4","28.4","31.9","30.6",
"51~60세","코엑스","","","","","","11.4","","","13.3","","","","","","","","",
"51~60세","청계천","","","","","","","13.1","13.2","","17.1","14.7","","","","","","",
"51~60세","청와대","","","","","","15.3","","","","","","","","","","","",
"51~60세","압구정동","","4.9","3","4.3","3.8","","","","","","","","","","","","",
"51~60세","청계천,광화문광장","","","","","","","","","","","","15.2","","","","","",
"51~60세","기타","","22.1","24","26.9","15.4","","","","","","","","","","","","",
"61세 이상","사례수","","175","178","175","389","400","537","344","535","604","403","366","421","391","303","360","218",
"61세 이상","남대문시장","","55.4","53.4","56.7","51.3","47.3","56.1","50.5","50.9","54.2","40.7","44.4","37.8","41.1","31.8","34.8","32.8",
"61세 이상","동대문시장","","39.4","28.4","33.2","33.6","31","29.9","35.4","32.6","42","52.2","48.5","40.8","33.8","37","46.5","41.3",
"61세 이상","명동","","30","38.2","34.7","35.9","35.7","38.5","40.6","43.8","54","60.3","46.3","59.6","53.5","56.6","60.6","60.9",
"61세 이상","고궁","","56","58.7","40.1","53.4","38.1","48.8","53.8","42.5","52.1","48.5","60.8","45.4","37.8","37.8","50.4","43.1",
"61세 이상","신촌/홍대주변","","","","","","","","","","","","","5.2","3.4","6.8","5.9","8.5",
"61세 이상","박물관(기념관)","","43.8","47.6","34.8","34.5","28.1","37.4","39.1","31.3","32.7","37.6","33.8","23.2","26.6","16.2","27.4","31.8",
"61세 이상","이태원","","20.4","23.4","24.8","24.3","18.8","26.4","24.4","20.2","18.6","22.7","17.1","17.4","13.6","","","",
"61세 이상","롯데월드","","25.3","23.8","14.9","19","11.8","16.4","17.6","11.5","18.8","15.6","19.8","12.4","17.2","10.6","13.8","13.4",
"61세 이상","인사동","","14.7","18.8","24.5","25.3","25.6","27.4","35.2","30.1","34.1","37.4","34","33.5","31.4","24.2","26.3","26.7",
"61세 이상","강남역","","","","","","","","","","","","","","","17.8","10.6","18.5",
"61세 이상","남산/N서울타워","","20.7","11.2","15.9","17.8","","23.5","30","21.8","35.8","32.2","32.7","25.7","22.6","16.7","32.7","26.8",
"61세 이상","코엑스","","","","","","9.1","","","9.1","","","","","","","","",
"61세 이상","청계천","","","","","","","8.9","11.6","","14.5","12.1","","","","","","",
"61세 이상","청와대","","","","","","14","","","","","","","","","","","",
"61세 이상","압구정동","","2","4.6","6.5","5.9","","","","","","","","","","","","",
"61세 이상","청계천,광화문광장","","","","","","","","","","","","12.7","","","","","",
"61세 이상","기타","","19.6","22.7","26.9","10.7","","","","","","","","","","","","",
"모름/무응답","사례수","","","","","","","","","","","","","","","","","23",
"모름/무응답","남대문시장","","","","","","","","","","","","","","","","","24.7",
"모름/무응답","동대문시장","","","","","","","","","","","","","","","","","46.6",
"모름/무응답","명동","","","","","","","","","","","","","","","","","63.4",
"모름/무응답","고궁","","","","","","","","","","","","","","","","","6.5",
"모름/무응답","신촌/홍대주변","","","","","","","","","","","","","","","","","18.5",
"모름/무응답","박물관(기념관)","","","","","","","","","","","","","","","","","5.9",
"모름/무응답","이태원","","","","","","","","","","","","","","","","","",
"모름/무응답","롯데월드","","","","","","","","","","","","","","","","","24.5",
"모름/무응답","인사동","","","","","","","","","","","","","","","","","14.9",
"모름/무응답","강남역","","","","","","","","","","","","","","","","","35.7",
"모름/무응답","남산/N서울타워","","","","","","","","","","","","","","","","","26.8",
"모름/무응답","코엑스","","","","","","","","","","","","","","","","","",
"모름/무응답","청계천","","","","","","","","","","","","","","","","","",
"모름/무응답","청와대","","","","","","","","","","","","","","","","","",
"모름/무응답","압구정동","","","","","","","","","","","","","","","","","",
"모름/무응답","청계천,광화문광장","","","","","","","","","","","","","","","","","",
"모름/무응답","기타","","","","","","","","","","","","","","","","","",
"여가, 위락, 휴가","사례수","","1974","2111","1705","3594","3335","3854","3880","3979","4875","5492","4391","4574","4733","5532","5528","5301",
"여가, 위락, 휴가","남대문시장","","67.2","68.8","57.3","55.4","55","59.3","57.8","54.6","54.1","65.2","47.4","40.4","31.9","28.9","30.2","30.8",
"여가, 위락, 휴가","동대문시장","","63.8","59.1","63.2","56.5","58.7","58.5","59.8","60.9","62","48.4","66.7","67.7","63.6","70.4","66.7","67.3",
"여가, 위락, 휴가","명동","","60.9","65.4","56.9","62.6","65.2","69.3","71.5","72.5","79","78.4","78.7","83.4","81.4","87.8","87.2","89.1",
"여가, 위락, 휴가","고궁","","42.9","45.4","47.3","47.3","34.3","44","50.3","46.5","45.7","44.2","44.7","46.4","46.6","49.6","50.4","43.4",
"여가, 위락, 휴가","신촌/홍대주변","","","","","","","","","","","","","19.2","26.3","34.1","32.3","35.6",
"여가, 위락, 휴가","박물관(기념관)","","36.6","37.9","39.6","30.8","26.5","33.3","34.1","29.8","29.3","30","27.8","30.7","29.4","24.2","29.9","26.4",
"여가, 위락, 휴가","이태원","","30.4","29","33.4","26.8","22.1","23.4","21.4","19.6","15.5","15.8","15.5","18","18.8","","","",
"여가, 위락, 휴가","롯데월드","","37.7","32.8","37","31.2","25.3","30.6","22","22.4","28.6","27.8","29.9","32.8","36.4","29.8","28.4","26",
"여가, 위락, 휴가","인사동","","19.2","22.7","25","25.5","28.3","30.5","34.4","37.7","32.2","32.6","35.3","33","30","32.5","27.6","31.1",
"여가, 위락, 휴가","강남역","","","","","","","","","","","","","","","18.5","18.4","23.5",
"여가, 위락, 휴가","남산/N서울타워","","13.8","12.7","15.9","14.5","","26.3","31.4","26.6","34.4","36.4","41.2","40.5","36.2","50.9","48.7","49.5",
"여가, 위락, 휴가","코엑스","","","","","","9.7","","","11.3","","","","","","","","",
"여가, 위락, 휴가","청계천","","","","","","","16.1","22.1","","23.6","24.4","","","","","","",
"여가, 위락, 휴가","청와대","","","","","","24.9","","","","","","","","","","","",
"여가, 위락, 휴가","압구정동","","6.7","5.8","4.8","4.9","","","","","","","","","","","","",
"여가, 위락, 휴가","청계천,광화문광장","","","","","","","","","","","","28.5","","","","","",
"여가, 위락, 휴가","기타","","6.9","14.1","14.4","7.1","","","","","","","","","","","","",
"친구, 친지 방문","사례수","","298","344","296","629","750","752","1083","1125","1103","1111","1038","1052","992","694","1011","813",
"친구, 친지 방문","남대문시장","","47.1","53.6","52.9","43.9","53.9","48.8","53.9","49.5","53.9","55.2","41.9","36.7","32.3","31.2","28.5","29.6",
"친구, 친지 방문","동대문시장","","50","47.7","42.6","43.7","51","48.7","57.7","57.1","51","51","55.9","52.5","51.4","50.5","51.7","48.4",
"친구, 친지 방문","명동","","42.2","39.1","43.6","37.9","48.7","42.8","54.7","48.2","54","64.4","66.4","65.4","67.9","67.2","62.3","64.3",
"친구, 친지 방문","고궁","","45.9","50.3","37.9","45.6","43","48.1","55.4","51.2","46.2","48.7","41.8","37.9","38.4","43.5","43.2","44.3",
"친구, 친지 방문","신촌/홍대주변","","","","","","","","","","","","","28.2","27.2","32.5","28.6","32.5",
"친구, 친지 방문","박물관(기념관)","","35.3","38.1","32","34.2","34.9","41.6","40","36.2","33.5","31.5","31.9","27.8","24.5","26.8","29.3","28.3",
"친구, 친지 방문","이태원","","34.6","38.4","36.5","42.3","43.9","39.3","35.8","34.1","30.9","29.7","28.2","28.9","29.5","","","",
"친구, 친지 방문","롯데월드","","28","27.5","30.2","24.2","22.9","27","26.7","28.5","22.1","25.1","24.8","22","22.3","14.7","16.2","17.4",
"친구, 친지 방문","인사동","","25.1","30.8","30","33","45.3","38.8","47.9","45.2","41.4","41.5","38","38.2","36","37.5","30.2","31.1",
"친구, 친지 방문","강남역","","","","","","","","","","","","","","","32.5","31.6","35.6",
"친구, 친지 방문","남산/N서울타워","","20.4","20.8","19.9","20.2","","31.4","43.2","36.7","35.4","42","39.2","35.6","30","33.6","33.6","40.2",
"친구, 친지 방문","코엑스","","","","","","21.5","","","25","","","","","","","","",
"친구, 친지 방문","청계천","","","","","","","15.8","21.4","","18.1","18.7","","","","","","",
"친구, 친지 방문","청와대","","","","","","11.5","","","","","","","","","","","",
"친구, 친지 방문","압구정동","","10.4","7.8","7","10.5","","","","","","","","","","","","",
"친구, 친지 방문","청계천,광화문광장","","","","","","","","","","","","26","","","","","",
"친구, 친지 방문","기타","","13.1","21.2","18.6","13","","","","","","","","","","","","",
"사업, 전문활동","사례수","","1380","1617","1874","3312","3255","3124","2946","3265","2823","2519","2390","2050","1966","1734","1762","1325",
"사업, 전문활동","남대문시장","","41.6","33.3","32.7","32.7","33.1","38","37.8","36","38.4","36.7","29.3","26.5","22.6","17.8","21.8","16.7",
"사업, 전문활동","동대문시장","","35.7","29.7","31.4","30.1","29.6","35.8","35.2","38","38.5","37","32.5","32.6","28.7","30.1","33.9","32.8",
"사업, 전문활동","명동","","23.6","21.9","22.7","28","31.1","32.5","34.9","32","36.9","41.8","43.8","43","38","37.1","41.4","44.9",
"사업, 전문활동","고궁","","28.7","26.8","26.5","28.6","29.4","40.4","40.5","37","33.1","40.9","33.7","33.5","29.3","29.5","29.8","26.6",
"사업, 전문활동","신촌/홍대주변","","","","","","","","","","","","","9","8.4","9.9","10.9","8.7",
"사업, 전문활동","박물관(기념관)","","23.2","19.7","21","19.8","19","28.4","26.1","23.3","20.9","28.4","24.7","23","17.8","15.2","17.1","16.8",
"사업, 전문활동","이태원","","31.7","28.8","27.2","27.9","22.1","27.5","26.8","26.1","21.1","27.2","25.6","25","21.1","","","",
"사업, 전문활동","롯데월드","","22.8","17.7","18.4","18.9","15.4","18.2","16.6","16.3","15.5","17.5","15.5","16.4","16.1","7.5","10.3","8",
"사업, 전문활동","인사동","","11.5","12.3","13.5","16.6","19.9","19.5","24.3","23.8","19.4","25","24.6","23.9","20.1","16.6","16.7","13.9",
"사업, 전문활동","강남역","","","","","","","","","","","","","","","45.1","29.5","30.7",
"사업, 전문활동","남산/N서울타워","","13.3","10.3","12.5","14.3","","23.2","24.2","23.5","26.2","31.3","26.7","22.4","19.2","22.9","20.1","18.6",
"사업, 전문활동","코엑스","","","","","","20.7","","","25.3","","","","","","","","",
"사업, 전문활동","청계천","","","","","","","8","10.5","","7.4","9.4","","","","","","",
"사업, 전문활동","청와대","","","","","","11.3","","","","","","","","","","","",
"사업, 전문활동","압구정동","","4.7","4.2","4.8","6.7","","","","","","","","","","","","",
"사업, 전문활동","청계천,광화문광장","","","","","","","","","","","","11.9","","","","","",
"사업, 전문활동","기타","","22.4","35","34","21.7","","","","","","","","","","","","",
"건강, 치료","사례수","","19","8","12","10","19","2","13","17","13","12","31","","","","","",
"건강, 치료","남대문시장","","82.4","77.2","36.4","44.4","20.5","0","53.2","46.8","48.1","53.1","33.5","","","","","",
"건강, 치료","동대문시장","","33.8","50.8","55.3","44.4","34.6","66","68.2","30.7","54.6","46.2","75.2","","","","","",
"건강, 치료","명동","","63.6","34","42.2","60","47.2","0","16.1","45.8","41.9","55.5","53.1","","","","","",
"건강, 치료","고궁","","49.5","7.6","30.5","12.6","24.4","22.7","28","33.5","30.5","64.1","33.4","","","","","",
"건강, 치료","신촌/홍대주변","","","","","","","","","","","","","","","","","",
"건강, 치료","박물관(기념관)","","33.6","3.3","19.9","0","12.6","11.4","36.4","13.5","54.8","25.8","20","","","","","",
"건강, 치료","이태원","","33.8","14.7","21.8","28.5","23.5","0","41.1","19.9","23.5","30.3","16.2","","","","","",
"건강, 치료","롯데월드","","32.7","3.2","10.6","0","12.3","22.7","43.1","10.7","44.3","55","33.1","","","","","",
"건강, 치료","인사동","","31.8","12.6","5.1","12.6","17.9","66","5.3","26.2","34.9","41.7","27.3","","","","","",
"건강, 치료","강남역","","","","","","","","","","","","","","","","","",
"건강, 치료","남산/N서울타워","","0","9.2","16.1","0","","88.6","4","37.5","33","65.8","26","","","","","",
"건강, 치료","코엑스","","","","","","19.2","","","1.5","","","","","","","","",
"건강, 치료","청계천","","","","","","","0","19.4","","19.6","6.3","","","","","","",
"건강, 치료","청와대","","","","","","4.6","","","","","","","","","","","",
"건강, 치료","압구정동","","15.9","0","13.8","2.6","","","","","","","","","","","","",
"건강, 치료","청계천,광화문광장","","","","","","","","","","","","9.9","","","","","",
"건강, 치료","기타","",".8","3.2","21.3","0","","","","","","","","","","","","",
"뷰티, 건강 및 치료","사례수","","","","","","","","","","","","","109","110","106","128","68",
"뷰티, 건강 및 치료","남대문시장","","","","","","","","","","","","","47.2","32.5","32.4","20.8","23",
"뷰티, 건강 및 치료","동대문시장","","","","","","","","","","","","","56.2","65.9","55.9","40.6","67.6",
"뷰티, 건강 및 치료","명동","","","","","","","","","","","","","79.9","83.4","72.6","73.1","75.9",
"뷰티, 건강 및 치료","고궁","","","","","","","","","","","","","18.7","25.6","32.4","18.2","31.2",
"뷰티, 건강 및 치료","신촌/홍대주변","","","","","","","","","","","","","13.1","15.1","14.5","17.5","20.2",
"뷰티, 건강 및 치료","박물관(기념관)","","","","","","","","","","","","","11.8","17.7","21.8","11.4","15.3",
"뷰티, 건강 및 치료","이태원","","","","","","","","","","","","","11.2","9","","","",
"뷰티, 건강 및 치료","롯데월드","","","","","","","","","","","","","27.2","31.2","19.9","17.6","25.2",
"뷰티, 건강 및 치료","인사동","","","","","","","","","","","","","23","20","25.3","10.8","12.7",
"뷰티, 건강 및 치료","강남역","","","","","","","","","","","","","","","16.9","37.5","40.3",
"뷰티, 건강 및 치료","남산/N서울타워","","","","","","","","","","","","","21.2","25.3","23.4","16.8","25.3",
"뷰티, 건강 및 치료","코엑스","","","","","","","","","","","","","","","","","",
"뷰티, 건강 및 치료","청계천","","","","","","","","","","","","","","","","","",
"뷰티, 건강 및 치료","청와대","","","","","","","","","","","","","","","","","",
"뷰티, 건강 및 치료","압구정동","","","","","","","","","","","","","","","","","",
"뷰티, 건강 및 치료","청계천,광화문광장","","","","","","","","","","","","","","","","","",
"뷰티, 건강 및 치료","기타","","","","","","","","","","","","","","","","","",
"종교, 순례","사례수","","28","34","37","59","52","75","55","57","50","44","76","78","85","81","58","41",
"종교, 순례","남대문시장","","45.1","48.6","43.6","38.1","36.6","40.8","52.8","37.3","47.3","31.5","18.2","30.3","28.9","18.6","23.6","25.6",
"종교, 순례","동대문시장","","17.7","33","27.3","34.8","21.4","32.7","43.2","47.6","46.6","32.1","52.6","42.5","45.9","59.4","62.5","45.7",
"종교, 순례","명동","","6.3","23","45.1","28.8","31.9","26.8","26.5","31.6","48.6","39.9","57.4","47.7","69.1","73.1","58.8","65.5",
"종교, 순례","고궁","","41","37.7","58.4","33.3","28.2","35","40","28.5","33.5","49.9","34.1","39.1","48.7","31.9","54.7","35.3",
"종교, 순례","신촌/홍대주변","","","","","","","","","","","","","12.7","22.1","18.9","25.4","19.3",
"종교, 순례","박물관(기념관)","","48.5","39.1","43.4","34.5","31.6","42.2","21.5","30.8","37.7","53.5","30.9","35.8","32","16","35.9","23.1",
"종교, 순례","이태원","","22.9","12.1","3.1","14.5","11","8.9","12.5","30.3","5.8","15.9","4.3","13.6","11.7","","","",
"종교, 순례","롯데월드","","22.2","19.4","13.3","19","9.4","16.6","15.8","12.7","11","27.4","25.9","12.9","37.9","15.8","20.5","25.6",
"종교, 순례","인사동","","1.9","13.5","39.3","20.4","23.4","11.9","20.7","19.5","23.6","20.9","28.6","27.5","28.3","25.7","35.4","15.8",
"종교, 순례","강남역","","","","","","","","","","","","","","","15.2","11.1","13.2",
"종교, 순례","남산/N서울타워","","2.3","28.9","24.5","14.7","","17.3","12.8","15.7","13","35.7","30.6","20.7","27.5","39.4","29.6","25",
"종교, 순례","코엑스","","","","","","8.1","","","0","","","","","","","","",
"종교, 순례","청계천","","","","","","","1.3","13.6","","24.3","13.4","","","","","","",
"종교, 순례","청와대","","","","","","9.8","","","","","","","","","","","",
"종교, 순례","압구정동","",".7",".6","6.5","2.9","","","","","","","","","","","","",
"종교, 순례","청계천,광화문광장","","","","","","","","","","","","27.4","","","","","",
"종교, 순례","기타","","28","40.7","17.9","10.4","","","","","","","","","","","","",
"쇼핑","사례수","","","","","","","","","","","","1082","1336","1187","1129","1220","1353",
"쇼핑","남대문시장","","","","","","","","","","","","47","50.6","47.1","31.2","31.3","28.9",
"쇼핑","동대문시장","","","","","","","","","","","","71.9","69.1","70.5","76.1","76.4","76.9",
"쇼핑","명동","","","","","","","","","","","","90.8","95.1","92.3","95.8","94","94",
"쇼핑","고궁","","","","","","","","","","","","27","24.1","25.5","31.4","36.9","24.8",
"쇼핑","신촌/홍대주변","","","","","","","","","","","","","18.5","23.5","31.4","32.3","38",
"쇼핑","박물관(기념관)","","","","","","","","","","","","17.4","15.4","12.6","11.3","20.4","14.9",
"쇼핑","이태원","","","","","","","","","","","","12.3","15","13.8","","","",
"쇼핑","롯데월드","","","","","","","","","","","","24.6","21.7","24.9","19.9","23.4","28.5",
"쇼핑","인사동","","","","","","","","","","","","27.4","30.3","27.1","27.5","19.3","22.4",
"쇼핑","강남역","","","","","","","","","","","","","","","32.7","17.6","23.8",
"쇼핑","남산/N서울타워","","","","","","","","","","","","31.3","27.2","23.2","33.2","37.7","38.9",
"쇼핑","코엑스","","","","","","","","","","","","","","","","","",
"쇼핑","청계천","","","","","","","","","","","","","","","","","",
"쇼핑","청와대","","","","","","","","","","","","","","","","","",
"쇼핑","압구정동","","","","","","","","","","","","","","","","","",
"쇼핑","청계천,광화문광장","","","","","","","","","","","","17.6","","","","","",
"쇼핑","기타","","","","","","","","","","","","","","","","","",
"교육","사례수","","","","","","","","","","","","496","707","653","388","429","451",
"교육","남대문시장","","","","","","","","","","","","52.9","40.6","45","42.4","41.4","45.2",
"교육","동대문시장","","","","","","","","","","","","68.6","77.9","72.3","66","66.7","74",
"교육","명동","","","","","","","","","","","","75.8","85.8","86","82.9","83.2","88.5",
"교육","고궁","","","","","","","","","","","","51.5","41.3","41","60.8","54.9","49.1",
"교육","신촌/홍대주변","","","","","","","","","","","","","50.2","54.4","56.2","60.1","68.9",
"교육","박물관(기념관)","","","","","","","","","","","","45.8","38.2","40.9","43.1","41.1","43.7",
"교육","이태원","","","","","","","","","","","","40.5","36.2","49.3","","","",
"교육","롯데월드","","","","","","","","","","","","42.9","56.8","45.6","36.8","32.2","41.9",
"교육","인사동","","","","","","","","","","","","49.6","40.2","48.9","58.2","50.4","49.3",
"교육","강남역","","","","","","","","","","","","","","","45.1","49.9","53.7",
"교육","남산/N서울타워","","","","","","","","","","","","52.2","52.8","54.4","58.8","56.3","61.5",
"교육","코엑스","","","","","","","","","","","","","","","","","",
"교육","청계천","","","","","","","","","","","","","","","","","",
"교육","청와대","","","","","","","","","","","","","","","","","",
"교육","압구정동","","","","","","","","","","","","","","","","","",
"교육","청계천,광화문광장","","","","","","","","","","","","23.5","","","","","",
"교육","기타","","","","","","","","","","","","","","","","","",
"기 타","사례수","","181","128","342","325","298","316","447","500","355","453","52","16","4","6","5","10",
"기 타","남대문시장","","58.4","48.2","41","48.5","53.3","55.1","48.5","43.9","53.3","65.1","45.5","41.4","63.3","38.6","0","9.1",
"기 타","동대문시장","","49.2","52.9","38.6","44.9","48.9","54.3","50","48","62.9","45.4","53.6","54.1","53.4","55.4","40.1","6.4",
"기 타","명동","","25","30.4","33.4","44.2","47.3","46.9","52.7","45.6","67.4","70.9","60.9","60.8","66.9","16.7","75.9","16.7",
"기 타","고궁","","46.8","50.3","33.8","44.3","39.8","44.9","56.7","50.2","49.2","46.7","59.5","52.8","66.9","34.6","13.6","36.7",
"기 타","신촌/홍대주변","","","","","","","","","","","","","5.1","47.4","0","0","14.9",
"기 타","박물관(기념관)","","40.7","38.9","30.1","27.9","31.2","46.5","38.8","33.6","37.1","36.5","40","60.3","31.6","16.9","13.6","2",
"기 타","이태원","","18.5","38.7","28.3","31.7","32.3","26.2","33.2","26.7","31","28.3","16.6","20.9","40.2","","","",
"기 타","롯데월드","","18.5","28.3","28.8","24","25.3","29.9","29.7","30.6","34.2","38.5","32.5","15.7","31.7","7.4","13.6","44.5",
"기 타","인사동","","13.1","17.5","20.9","27.3","30.5","24.9","34.3","37","35.8","40","44.5","34.3","31.7","38.5","13.6","12.4",
"기 타","강남역","","","","","","","","","","","","","","","0","26.5","18.4",
"기 타","남산/N서울타워","","15.4","14.5","19.4","17.6","","31.3","31.5","31.9","44.3","44.1","24","45.3","31.7","21","13.6","20.5",
"기 타","코엑스","","","","","","20.7","","","20.9","","","","","","","","",
"기 타","청계천","","","","","","","14.1","19","","18.9","24.9","","","","","","",
"기 타","청와대","","","","","","12","","","","","","","","","","","",
"기 타","압구정동","","6.6","6.4","5.1","10.2","","","","","","","","","","","","",
"기 타","청계천,광화문광장","","","","","","","","","","","","9.1","","","","","",
"기 타","기타","","12.5","16.5","30.9","19.3","","","","","","","","","","","","",
"1회","사례수","","","","","","","","","","","6016","6218","6156","5987","6291","5392","5694",
"1회","남대문시장","","","","","","","","","","","60.1","44.7","40.4","32.2","28.1","30.5","29.6",
"1회","동대문시장","","","","","","","","","","","46.4","60.3","64.1","60.8","66.7","63.7","64.7",
"1회","명동","","","","","","","","","","","66.1","69.6","75.9","74.7","81","79.3","83.8",
"1회","고궁","","","","","","","","","","","50.3","45.8","47.9","49.6","52.5","58.8","48.9",
"1회","신촌/홍대주변","","","","","","","","","","","","","20.9","25.4","31.2","28.5","34.2",
"1회","박물관(기념관)","","","","","","","","","","","34.9","31.9","34.4","31.7","27.1","36","31.2",
"1회","이태원","","","","","","","","","","","22","20.2","22.6","23.6","","","",
"1회","롯데월드","","","","","","","","","","","27.1","27.4","33.2","36.3","28.8","27.7","26.7",
"1회","인사동","","","","","","","","","","","33.1","34.8","33.2","30.7","32","28.8","30.7",
"1회","강남역","","","","","","","","","","","","","","","21.5","20.5","25.3",
"1회","남산/N서울타워","","","","","","","","","","","38.8","40.8","42.2","38.8","50.9","52.4","52.1",
"1회","코엑스","","","","","","","","","","","","","","","","","",
"1회","청계천","","","","","","","","","","","22.2","","","","","","",
"1회","청와대","","","","","","","","","","","","","","","","","",
"1회","압구정동","","","","","","","","","","","","","","","","","",
"1회","청계천,광화문광장","","","","","","","","","","","","25.5","","","","","",
"1회","기타","","","","","","","","","","","","","","","","","",
"2회","사례수","","","","","","","","","","","1361","1438","1367","1295","1314","1688","1194",
"2회","남대문시장","","","","","","","","","","","52.8","43.4","36.6","35.7","27.9","26.7","32.4",
"2회","동대문시장","","","","","","","","","","","44.1","57.1","58.1","55.3","62","60.9","63.2",
"2회","명동","","","","","","","","","","","68.7","72","75.3","74.4","80.7","79.3","81.5",
"2회","고궁","","","","","","","","","","","39.7","31.7","30.5","29.4","36.2","40.2","30.8",
"2회","신촌/홍대주변","","","","","","","","","","","","","18.9","26.3","36.1","34.5","34.5",
"2회","박물관(기념관)","","","","","","","","","","","26.5","21.5","19.6","20.7","17.5","22.7","19.8",
"2회","이태원","","","","","","","","","","","18.4","20.9","19.3","20.3","","","",
"2회","롯데월드","","","","","","","","","","","25.6","25.6","26.3","27.1","20.1","21.6","23.3",
"2회","인사동","","","","","","","","","","","30.6","31.2","31.5","31.3","32.6","26.9","28",
"2회","강남역","","","","","","","","","","","","","","","25.2","24.7","29.2",
"2회","남산/N서울타워","","","","","","","","","","","34.7","34","31.1","27","41.2","37","39.3",
"2회","코엑스","","","","","","","","","","","","","","","","","",
"2회","청계천","","","","","","","","","","","16.6","","","","","","",
"2회","청와대","","","","","","","","","","","","","","","","","",
"2회","압구정동","","","","","","","","","","","","","","","","","",
"2회","청계천,광화문광장","","","","","","","","","","","","19.8","","","","","",
"2회","기타","","","","","","","","","","","","","","","","","",
"3회","사례수","","","","","","","","","","","686","662","777","782","631","821","627",
"3회","남대문시장","","","","","","","","","","","52.4","38.4","35.4","36","30.6","28.8","30.3",
"3회","동대문시장","","","","","","","","","","","44.9","54","50.3","53.4","54.2","59.2","61.5",
"3회","명동","","","","","","","","","","","71.7","66","71.2","71.9","74.8","78.8","79.8",
"3회","고궁","","","","","","","","","","","36","32.5","26.3","26.3","29","29.1","26",
"3회","신촌/홍대주변","","","","","","","","","","","","","20.9","23.2","28.8","32.4","40",
"3회","박물관(기념관)","","","","","","","","","","","21.4","20.9","16","14.3","13.3","18.5","16",
"3회","이태원","","","","","","","","","","","20.3","19.7","20.9","19.1","","","",
"3회","롯데월드","","","","","","","","","","","22.3","25.5","20.8","20.4","12.6","19.7","19.1",
"3회","인사동","","","","","","","","","","","32.6","31.6","31.8","29.7","30.9","21.7","25.4",
"3회","강남역","","","","","","","","","","","","","","","25.7","24.2","33.4",
"3회","남산/N서울타워","","","","","","","","","","","32.1","27.8","25.8","20.3","24.5","30.8","34.3",
"3회","코엑스","","","","","","","","","","","","","","","","","",
"3회","청계천","","","","","","","","","","","18.3","","","","","","",
"3회","청와대","","","","","","","","","","","","","","","","","",
"3회","압구정동","","","","","","","","","","","","","","","","","",
"3회","청계천,광화문광장","","","","","","","","","","","","19","","","","","",
"3회","기타","","","","","","","","","","","","","","","","","",
"4회 이상","사례수","","","","","","","","","","","1568","1271","1622","1665","1435","2240","1847",
"4회 이상","남대문시장","","","","","","","","","","","47.4","31.3","34.3","31.2","25","27.3","24.5",
"4회 이상","동대문시장","","","","","","","","","","","43.8","46.3","46.9","43.9","44.6","51.9","54.9",
"4회 이상","명동","","","","","","","","","","","64.8","68","70.3","65.3","61.2","69.4","72.8",
"4회 이상","고궁","","","","","","","","","","","27.3","23.8","19.3","14.8","17.2","17.9","15.8",
"4회 이상","신촌/홍대주변","","","","","","","","","","","","","17.3","18.5","18.6","25.4","27",
"4회 이상","박물관(기념관)","","","","","","","","","","","19.2","15","11.4","10.2","7.3","10.4","8.6",
"4회 이상","이태원","","","","","","","","","","","19.4","19.7","18.8","16.9","","","",
"4회 이상","롯데월드","","","","","","","","","","","19.8","18.4","14.6","14.5","8.6","15.7","17",
"4회 이상","인사동","","","","","","","","","","","28.3","24.9","25.8","23.1","20.8","19","20.7",
"4회 이상","강남역","","","","","","","","","","","","","","","25.5","27.7","29.4",
"4회 이상","남산/N서울타워","","","","","","","","","","","28.5","23","15.4","14.2","14.7","19.1","20.6",
"4회 이상","코엑스","","","","","","","","","","","","","","","","","",
"4회 이상","청계천","","","","","","","","","","","13.9","","","","","","",
"4회 이상","청와대","","","","","","","","","","","","","","","","","",
"4회 이상","압구정동","","","","","","","","","","","","","","","","","",
"4회 이상","청계천,광화문광장","","","","","","","","","","","","11.6","","","","","",
"4회 이상","기타","","","","","","","","","","","","","","","","","",
